{
  "astar_demo": {
    "from": 0,
    "to": 11,
    "cost_time": 14.720509198257128,
    "path": [
      0,
      5,
      9,
      10,
      11
    ]
  },
  "bfs_demo_path": [
    0,
    5,
    9,
    10,
    11
  ],
  "dfs_demo_path": [
    0,
    5,
    9,
    10,
    11
  ],
  "cluster_routes": {
    "0": [
      0,
      10,
      6,
      7,
      11
    ],
    "1": [
      0,
      1,
      2,
      3
    ],
    "2": [
      0,
      4,
      5,
      9,
      8
    ]
  },
  "cluster_costs_time": {
    "0": 21.44253347608687,
    "1": 10.878263416302834,
    "2": 14.994848370157136
  },
  "optimized_total_cost_time": 47.31564526254684,
  "baseline_route": [
    0,
    0,
    1,
    2,
    3,
    4,
    5,
    6,
    7,
    8,
    9,
    10,
    11
  ],
  "baseline_total_cost_time": 66.11707430991305,
  "improvement_percent": 28.436571405500445
}